student_id,content,wording
000000ffffff,-1.3678229103705337,-1.3678229103705337
111111eeeeee,-1.3678229103705337,-1.3678229103705337
222222cccccc,-1.3678229103705337,-1.3678229103705337
333333dddddd,-1.3678229103705337,-1.3678229103705337
